id,distanceX,distanceY
0,-316.44943,293.8579
1,623.25085,-66.24539
2,-287.45502,-481.55328
3,-22.1098,253.0915
