id,distanceX,distanceY
0,-204.51903,248.84499
1,31.785429,-341.41873
2,639.80145,408.0888
3,-464.3428,-315.51508
